OBJECTID_1,Country_Co,CN_DT_Code,STATE,D_NAME_1
81,AF,AFG_368,NANGARHAR,Deh Bala
82,AF,AFG_232,HIRAT,Gulran
83,AF,AFG_237,HIRAT,Koshk
84,AF,AFG_367,NANGARHAR,Chaparhar
85,AF,AFG_48,BADGHIS,Koshki Kohna
86,AF,AFG_375,NANGARHAR,Pachier Agam
87,AF,AFG_236,HIRAT,Kohsan
88,AF,AFG_356,LAGHMAN,Khogayani
89,AF,AFG_364,LOGAR,Shirzad
90,AF,AFG_231,HIRAT,Ghoryan
91,AF,AFG_254,KABUL,Hesarak
92,AF,AFG_239,HIRAT,Zanda Jan
93,AF,AFG_246,KABUL,Azra
94,AF,AFG_233,HIRAT,Guzara
95,AF,AFG_46,BADGHIS,Karukh
96,AF,AFG_359,LOGAR,Ali Khail (Jaji)
97,AF,AFG_303,KHOST,Dand Patan
98,AF,AFG_238,HIRAT,Pashtun Zarghun
99,AF,AFG_388,PAKTYA,Chamkani
100,AF,AFG_310,KHOST,Laja Ahmad Khail
101,AF,AFG_316,KHOST,Sayed Karam
102,AF,AFG_358,LOGAR,Ahmad Abad
103,AF,AFG_50,BADGHIS,Obe
104,AF,AFG_308,KHOST,Jani Khail
105,AF,AFG_148,FARAH,Farsi
106,AF,AFG_304,KHOST,Gardiz
107,AF,AFG_212,GHAZNI,Zurmat
108,AF,AFG_143,FARAH,Anar Dara
109,AF,AFG_389,PAKTYA,Shawak
110,AF,AFG_157,FARAH,Qala Ka
111,AF,AFG_151,FARAH,Khaki Safed
112,AF,AFG_160,FARAH,Shindand
113,AF,AFG_322,KHOST,Zadran
114,AF,AFG_307,KHOST,Jaji Maidan
115,AF,AFG_302,KHOST,Bak
116,AF,AFG_159,FARAH,Shib Koh
117,AF,AFG_315,KHOST,Sabri
118,AF,AFG_153,FARAH,Lash Wa Juwayn
119,AF,AFG_320,KHOST,Tere Zayi
120,AF,AFG_156,FARAH,Pusht Rod
121,AF,AFG_312,KHOST,Mosa Khail
122,AF,AFG_147,FARAH,Farah
123,AF,AFG_314,KHOST,Qalandar
124,AF,AFG_145,FARAH,Bala Buluk
125,AF,AFG_313,KHOST,Nadir Shah Kot
126,AF,AFG_149,FARAH,Gulistan
127,AF,AFG_309,KHOST,Khost(Matun)
128,AF,AFG_306,KHOST,Gurbuz
129,AF,AFG_155,FARAH,Pur Chaman
130,AF,AFG_311,KHOST,Mando Zayi
131,AF,AFG_319,KHOST,Tani
132,AF,AFG_60,BAGHLAN,Chahar Dara
133,AF,AFG_144,FARAH,Bakwa
134,AF,AFG_317,KHOST,Shamal
135,AF,AFG_353,KUNDUZ,Kunduz
136,AF,AFG_318,KHOST,Spira
137,AF,AFG_66,BAGHLAN,Guzargahi Nur
138,AF,AFG_264,KABUL,Mohammad Agha
139,AF,AFG_362,LOGAR,Khoshi
140,AF,AFG_65,BAGHLAN,Farang Wa Gharu
141,AF,AFG_363,LOGAR,Puli Alam
142,AF,AFG_73,BAGHLAN,Khost Wa Firing
143,AF,AFG_360,LOGAR,Baraki Barak
144,AF,AFG_79,BAGHLAN,Puli Hisar
145,AF,AFG_361,LOGAR,Charkh
146,AF,AFG_193,GHAZNI,Kharwar
147,AF,AFG_59,BAGHLAN,Burka
148,AF,AFG_336,KUNAR,Khas Kunar
149,AF,AFG_341,KUNAR,Nurgal
150,AF,AFG_63,BAGHLAN,Dih Salah
151,AF,AFG_328,KUNAR,Chawkay
152,AF,AFG_76,BAGHLAN,Khwaja Hijran (Jilga Nah*
153,AF,AFG_339,KUNAR,Narang
154,AF,AFG_150,FARAH,Kang
155,AF,AFG_57,BAGHLAN,Baghlani Jadid
156,AF,AFG_327,KUNAR,Chapa Dara
157,AF,AFG_378,NIMROZ,Zaranj
158,AF,AFG_325,KUNAR,Asadabad
159,AF,AFG_80,BAGHLAN,Puli Khumri
160,AF,AFG_343,KUNAR,Sarkani
161,AF,AFG_215,HILMAND,Chahar Burjak
162,AF,AFG_77,BAGHLAN,Nahrin
163,AF,AFG_338,KUNAR,Marawara
164,AF,AFG_146,FARAH,Chakhansur
165,AF,AFG_55,BAGHLAN,Andarab
166,AF,AFG_72,BAGHLAN,Khinjan
167,AF,AFG_344,KUNAR,Shaygal wa shital
168,AF,AFG_152,FARAH,Khash Rod
169,AF,AFG_64,BAGHLAN,Dushi
170,AF,AFG_331,KUNAR,Dara-I-Pech
171,AF,AFG_217,HILMAND,Dishu
172,AF,AFG_62,BAGHLAN,Dahana-I- Ghuri
173,AF,AFG_346,KUNAR,Wata Pur
174,AF,AFG_228,HILMAND,Reg(Khanshin)
175,AF,AFG_88,BAGHLAN,Tala Wa Barfak
176,AF,AFG_329,KUNAR,Dangam
177,AF,AFG_218,HILMAND,Garmser
178,AF,AFG_326,KUNAR,Bar Kunar
179,AF,AFG_22,BADAKHSHAN,Paryan
180,AF,AFG_226,HILMAND,Nawa-I- Barak Zayi
181,AF,AFG_332,KUNAR,Ghaziabad
182,AF,AFG_71,BAGHLAN,Khenj (Hese- Awal)
183,AF,AFG_224,HILMAND,Nad Ali
184,AF,AFG_340,KUNAR,Nari
185,AF,AFG_323,KHOST,Ziruk
186,AF,AFG_225,HILMAND,Nahri Sarraj
187,AF,AFG_58,BAGHLAN,Bazarak
188,AF,AFG_221,HILMAND,Lashkar Gah
189,AF,AFG_381,PAKTIKA,Nika
190,AF,AFG_291,KAPISA,Dara
191,AF,AFG_230,HILMAND,Sangin
192,AF,AFG_305,KHOST,Gayan
193,AF,AFG_299,KAPISA,Rukha
194,AF,AFG_220,HILMAND,Kajaki
195,AF,AFG_321,KHOST,Urgun
196,AF,AFG_301,KAPISA,Unaba
197,AF,AFG_154,FARAH,Naw Zad
198,AF,AFG_383,PAKTIKA,Sar Hawza
199,AF,AFG_86,BAGHLAN,Shutul
200,AF,AFG_223,HILMAND,Musa Qala
201,AF,AFG_196,GHAZNI,Mata Khan
202,AF,AFG_244,KABUL,Alasay
203,AF,AFG_205,GHAZNI,Sharan
204,AF,AFG_127,DAYKUNDI,Baghran
205,AF,AFG_273,KABUL,Tagab
206,AF,AFG_379,PAKTIKA,Barmal
207,AF,AFG_229,HILMAND,Registan
208,AF,AFG_384,PAKTIKA,Sarobi
209,AF,AFG_297,KAPISA,Mahmudi Raqi
210,AF,AFG_287,KANDAHAR,Shorabak
211,AF,AFG_382,PAKTIKA,Omna
212,AF,AFG_209,GHAZNI,Yosuf Khel
213,AF,AFG_294,KAPISA,Hisa-i-Duwumi Kohistan
214,AF,AFG_288,KANDAHAR,Spin Boldak
215,AF,AFG_387,PAKTIKA,Yahya Khel
216,AF,AFG_293,KAPISA,Hisa-i-Awali Kohistan
217,AF,AFG_275,KANDAHAR,Arghistan
218,AF,AFG_211,GHAZNI,Zarghun Shahr
219,AF,AFG_227,HILMAND,Panjwayi
220,AF,AFG_82,BAGHLAN,Salang
221,AF,AFG_279,KANDAHAR,Kandahar
222,AF,AFG_295,KAPISA,Jabalussaraj
223,AF,AFG_191,GHAZNI,Jani Khel
224,AF,AFG_277,KANDAHAR,Daman
225,AF,AFG_260,KABUL,Kohi Safi
226,AF,AFG_185,GHAZNI,Dila
227,AF,AFG_285,KANDAHAR,Shah Wali Kot
228,AF,AFG_208,GHAZNI,Waza Khwa
229,AF,AFG_247,KABUL,Bagram
230,AF,AFG_300,KAPISA,Sayd Khel
231,AF,AFG_274,KANDAHAR,Arghandab
232,AF,AFG_380,PAKTIKA,Gomal
233,AF,AFG_222,HILMAND,Maywand
234,AF,AFG_250,KABUL,Chaharikar
235,AF,AFG_219,HILMAND,Ghorak
236,AF,AFG_385,PAKTIKA,Turwo
237,AF,AFG_85,BAGHLAN,Shinwari
238,AF,AFG_290,KANDAHAR,Zhari
239,AF,AFG_386,PAKTIKA,Wor Mayi
240,AF,AFG_87,BAGHLAN,Sia Gird ( Ghorbund)
241,AF,AFG_280,KANDAHAR,Khakrez
242,AF,AFG_199,GHAZNI,Nawa
243,AF,AFG_271,KABUL,Surkhi Parsa
244,AF,AFG_38,BADGHIS,Ab Kamari
245,AF,AFG_83,BAGHLAN,Shekh  Ali
246,AF,AFG_186,GHAZNI,Gelan
247,AF,AFG_49,BADGHIS,Muqur
248,AF,AFG_101,BALKH,Kaldar
249,AF,AFG_197,GHAZNI,Muqur
250,AF,AFG_96,BALKH,Dawlatabad
251,AF,AFG_52,BADGHIS,Qala-I- Naw
252,AF,AFG_216,HILMAND,Dihrawud
253,AF,AFG_179,GHAZNI,Ab Band
254,AF,AFG_106,BALKH,Nahri Shahi
255,AF,AFG_188,GHAZNI,Giro
256,AF,AFG_139,DAYKUNDI,Shahidi Hassas
257,AF,AFG_105,BALKH,Mazari Sharif
258,AF,AFG_180,GHAZNI,Andar
259,AF,AFG_284,KANDAHAR,Nesh
260,AF,AFG_296,KAPISA,Koh Band
261,AF,AFG_184,GHAZNI,Dih Yak
262,AF,AFG_51,BADGHIS,Qadis
263,AF,AFG_298,KAPISA,Nijrab
264,AF,AFG_210,GHAZNI,Zana Khan
265,AF,AFG_104,BALKH,Marmul
266,AF,AFG_214,GHOR,Tulak
267,AF,AFG_92,BALKH,Chahar Kint
268,AF,AFG_187,GHAZNI,Ghazni
269,AF,AFG_158,FARAH,Saghar
270,AF,AFG_111,BALKH,Sholgara
271,AF,AFG_194,GHAZNI,Khwaja Umari
272,AF,AFG_97,BALKH,Dihdadi
273,AF,AFG_201,GHAZNI,Rashidan
274,AF,AFG_141,DAYKUNDI,Tirin Kot
275,AF,AFG_89,BALKH,Balkh
276,AF,AFG_98,BALKH,Fayzabad
277,AF,AFG_207,GHAZNI,Wali Muhammadi Shahid
278,AF,AFG_91,BALKH,Chahar Bolak
279,AF,AFG_243,JAWZJAN,Mangajek
280,AF,AFG_206,GHAZNI,Waghaz
281,AF,AFG_169,FARYAB,Khwaja Du Koh
282,AF,AFG_93,BALKH,Chimtal
283,AF,AFG_181,GHAZNI,Bahrami Shahid (Jaghatu)
284,AF,AFG_177,FARYAB,Shibirghan
285,AF,AFG_102,BALKH,Kishindih
286,AF,AFG_200,GHAZNI,Qarabagh
287,AF,AFG_113,BALKH,Zari
288,AF,AFG_175,FARYAB,Qush Tepa
289,AF,AFG_335,KUNAR,Kamdesh
290,AF,AFG_165,FARYAB,Darzab
291,AF,AFG_67,BAGHLAN,Hazrati Sultan
292,AF,AFG_347,KUNAR,Waygal
293,AF,AFG_242,JAWZJAN,Khaniqa
294,AF,AFG_56,BAGHLAN,Aybak
295,AF,AFG_345,KUNAR,Wama
296,AF,AFG_110,BALKH,Sari Pul
297,AF,AFG_81,BAGHLAN,Ruyi Du Ab
298,AF,AFG_176,FARYAB,Sayyad
299,AF,AFG_342,KUNAR,Nurgaram
300,AF,AFG_75,BAGHLAN,Khuram Wa Sarbagh
301,AF,AFG_117,BAMYAN,Kohistanat
302,AF,AFG_324,KUNAR,Alingar
303,AF,AFG_99,BALKH,Feroz Nakhchir
304,AF,AFG_269,KABUL,Qarghayi
305,AF,AFG_168,FARYAB,Khani Chahar Bagh
306,AF,AFG_95,BALKH,Dara-I-Sufi Payin
307,AF,AFG_262,KABUL,Mihtarlam
308,AF,AFG_163,FARYAB,Andkhoy
309,AF,AFG_94,BALKH,Dara-I-Sufi Bala
310,AF,AFG_174,FARYAB,Qurghan
311,AF,AFG_103,BALKH,Mardyan
312,AF,AFG_173,FARYAB,Qaramqol
313,AF,AFG_31,BADAKHSHAN,Wakhan
314,AF,AFG_240,JAWZJAN,Aqcha
315,AF,AFG_166,FARYAB,Dawlatabad
316,AF,AFG_90,BALKH,Balkhab
317,AF,AFG_178,FARYAB,Shirin Tagab
318,AF,AFG_11,BADAKHSHAN,Ishkashiem
319,AF,AFG_100,BALKH,Gosfandi
320,AF,AFG_170,FARYAB,Khwaja Sabz Posh
321,AF,AFG_109,BALKH,Sangcharak
322,AF,AFG_171,FARYAB,Maymana
323,AF,AFG_28,BADAKHSHAN,Shighnan
324,AF,AFG_390,SARI PUL,Sozma Qala
325,AF,AFG_164,FARYAB,Bilchiragh
326,AF,AFG_69,BAGHLAN,Kahmard
327,AF,AFG_8,BADAKHSHAN,Darwazbala
328,AF,AFG_114,BAMYAN,Bamyan
329,AF,AFG_172,FARYAB,Pashtun Kot
330,AF,AFG_39,BADGHIS,Almar
331,AF,AFG_123,BAMYAN,Sayghan
332,AF,AFG_7,BADAKHSHAN,Darwaz
333,AF,AFG_53,BADGHIS,Qaysar
334,AF,AFG_84,BAGHLAN,Shibar
335,AF,AFG_27,BADAKHSHAN,Shaki
336,AF,AFG_167,FARYAB,Gurziwan
337,AF,AFG_125,BAMYAN,Yakawlang
338,AF,AFG_18,BADAKHSHAN,Kuf Ab
339,AF,AFG_47,BADGHIS,Kohistan
340,AF,AFG_122,BAMYAN,Panjab
341,AF,AFG_132,DAYKUNDI,Gizab
342,AF,AFG_15,BADAKHSHAN,Khwahan
343,AF,AFG_136,DAYKUNDI,Nili
344,AF,AFG_124,BAMYAN,Waras
345,AF,AFG_23,BADAKHSHAN,Raghistan
346,AF,AFG_116,BAMYAN,Ishtarlay
347,AF,AFG_120,BAMYAN,Miramor
348,AF,AFG_138,DAYKUNDI,Sangi Takht
349,AF,AFG_140,DAYKUNDI,Shahristan
350,AF,AFG_2,BADAKHSHAN,Argo
351,AF,AFG_118,BAMYAN,Lal Wa Sarjangal
352,AF,AFG_268,KABUL,Qarabagh
353,AF,AFG_34,BADAKHSHAN,Yaftal Sufla
354,AF,AFG_255,KABUL,Istalif
355,AF,AFG_129,DAYKUNDI,Dawlat Yar
356,AF,AFG_17,BADAKHSHAN,Kohistan
357,AF,AFG_252,KABUL,Farza
358,AF,AFG_10,BADAKHSHAN,Fayzabad
359,AF,AFG_41,BADGHIS,Chaghcharan
360,AF,AFG_253,KABUL,Guldara
361,AF,AFG_1,BADAKHSHAN,Arghanj Khaw
362,AF,AFG_258,KABUL,Kalakan
363,AF,AFG_42,BADGHIS,Charsada
364,AF,AFG_25,BADAKHSHAN,Shahada
365,AF,AFG_263,KABUL,Mir Bacha Kot
366,AF,AFG_130,DAYKUNDI,Du Layna
367,AF,AFG_3,BADAKHSHAN,Baharak
368,AF,AFG_270,KABUL,Shakardara
369,AF,AFG_44,BADGHIS,Ghormach
370,AF,AFG_32,BADAKHSHAN,Warduj
371,AF,AFG_267,KABUL,Paghman
372,AF,AFG_40,BADGHIS,Bala Murghab
373,AF,AFG_251,KABUL,Dih Sabz
374,AF,AFG_14,BADAKHSHAN,Khash
375,AF,AFG_257,KABUL,Kabul
376,AF,AFG_45,BADGHIS,Jawand
377,AF,AFG_37,BADAKHSHAN,Zebak
378,AF,AFG_248,KABUL,Bagrami
379,AF,AFG_43,BADGHIS,Chishti Sharif
380,AF,AFG_12,BADAKHSHAN,Jurm
381,AF,AFG_261,KABUL,Maydan Shahr
382,AF,AFG_6,BADAKHSHAN,Darayim
383,AF,AFG_213,GHOR,Shahrak
384,AF,AFG_256,KABUL,Jalrez
385,AF,AFG_30,BADAKHSHAN,Tashkan
386,AF,AFG_161,FARAH,Taywara
387,AF,AFG_115,BAMYAN,Hisa-I- Awali Bihsud
388,AF,AFG_162,FARAH,Washer
389,AF,AFG_16,BADAKHSHAN,Kishim
390,AF,AFG_119,BAMYAN,Markazi Bihsud
391,AF,AFG_137,DAYKUNDI,Pasaband
392,AF,AFG_183,GHAZNI,Day Mirdad
393,AF,AFG_29,BADAKHSHAN,Tagab (Kishmi Bala)
394,AF,AFG_134,DAYKUNDI,Khadir
395,AF,AFG_4,BADAKHSHAN,Bargi Matal
396,AF,AFG_131,DAYKUNDI,Gaiti
397,AF,AFG_19,BADAKHSHAN,Kuran Wa Munjan
398,AF,AFG_355,LAGHMAN,Du Ab
399,AF,AFG_133,DAYKUNDI,Kajran
400,AF,AFG_35,BADAKHSHAN,Yamgan (Girwan)
401,AF,AFG_21,BADAKHSHAN,Parun
402,AF,AFG_128,DAYKUNDI,Chora
403,AF,AFG_24,BADAKHSHAN,Rustaq
404,AF,AFG_20,BADAKHSHAN,Mandol
405,AF,AFG_234,HIRAT,Hirat
406,AF,AFG_13,BADAKHSHAN,Kalfagan
407,AF,AFG_292,KAPISA,Daulatshahi
408,AF,AFG_235,HIRAT,Injil
409,AF,AFG_395,TAKHAR,Taluqan
410,AF,AFG_245,KABUL,Alishing
411,AF,AFG_393,TAKHAR,Hazar Sumuch
412,AF,AFG_272,KABUL,Surobi
413,AF,AFG_348,KUNDUZ,Baharak
414,AF,AFG_259,KABUL,Khaki Jabbar
415,AF,AFG_265,KABUL,Musayi
416,AF,AFG_9,BADAKHSHAN,Farkhar
417,AF,AFG_249,KABUL,Chahar Asyab
418,AF,AFG_33,BADAKHSHAN,Warsaj
419,AF,AFG_78,BAGHLAN,Namak Ab
420,AF,AFG_266,KABUL,Nirkh
421,AF,AFG_61,BAGHLAN,Chal
422,AF,AFG_182,GHAZNI,Chaki Wardak
423,AF,AFG_349,KUNDUZ,Bangi
424,AF,AFG_142,FARAH,Adraskan
425,AF,AFG_202,GHAZNI,Saydabad
426,AF,AFG_68,BAGHLAN,Ishkamish
427,AF,AFG_282,KANDAHAR,Miya Nishin
428,AF,AFG_394,TAKHAR,Khwaja Bahawuddin
429,AF,AFG_283,KANDAHAR,Mizan
430,AF,AFG_70,BAGHLAN,Khanabad
431,AF,AFG_189,GHAZNI,Jaghatu
432,AF,AFG_289,KANDAHAR,Tarnak Wa Jaldak
433,AF,AFG_54,BAGHLAN,Aliabad
434,AF,AFG_121,BAMYAN,Nawur
435,AF,AFG_276,KANDAHAR,Atghar
436,AF,AFG_398,ZABUL,Qalat
437,AF,AFG_190,GHAZNI,Jaghuri
438,AF,AFG_278,KANDAHAR,Daychopan
439,AF,AFG_195,GHAZNI,Malistan
440,AF,AFG_333,KUNAR,Goshta
441,AF,AFG_126,DAYKUNDI,Ajristan
442,AF,AFG_372,NANGARHAR,Lal Por
443,AF,AFG_135,DAYKUNDI,Khas Uruzgan
444,AF,AFG_373,NANGARHAR,Muhmand Dara
445,AF,AFG_192,GHAZNI,Kakar
446,AF,AFG_366,NANGARHAR,Bati Kot
447,AF,AFG_397,ZABUL,Arghandab
448,AF,AFG_203,GHAZNI,Shahjoy
449,AF,AFG_334,KUNAR,Kama
450,AF,AFG_337,KUNAR,Kuz Kunar
451,AF,AFG_286,KANDAHAR,Shinkay
452,AF,AFG_198,GHAZNI,Naw Bahar
453,AF,AFG_330,KUNAR,Dara-I-Nur
454,AF,AFG_354,LAGHMAN,Bihsud
455,AF,AFG_204,GHAZNI,Shamulzayi
456,AF,AFG_370,NANGARHAR,Jalalabad
457,AF,AFG_36,BADAKHSHAN,Yawan
458,AF,AFG_357,LAGHMAN,Surkh Rod
459,AF,AFG_26,BADAKHSHAN,Shahri Buzurg
460,AF,AFG_5,BADAKHSHAN,Chah Ab
461,AF,AFG_369,NANGARHAR,Dur Baba
462,AF,AFG_377,NANGARHAR,Shinwar
463,AF,AFG_396,TAKHAR,Yangi Qala
464,AF,AFG_374,NANGARHAR,Nazyan
465,AF,AFG_391,TAKHAR,Darqad
466,AF,AFG_365,NANGARHAR,Acheen
467,AF,AFG_392,TAKHAR,Dashti Qala
468,AF,AFG_352,KUNDUZ,Khwaja Ghar
469,AF,AFG_371,NANGARHAR,Kot
470,AF,AFG_350,KUNDUZ,Dashte Archi
471,AF,AFG_376,NANGARHAR,Rodat
472,AF,AFG_351,KUNDUZ,Imam Sahib
473,AF,AFG_107,BALKH,Qalay-I- Zal
474,AF,AFG_74,BAGHLAN,Khulm
475,AF,AFG_112,BALKH,Shortepa
476,AF,AFG_108,BALKH,Qarqin
477,AF,AFG_241,JAWZJAN,Kham Ab
478,AF,AFG_281,KANDAHAR,Maruf
479,BD,BGD_425,KHULNA DIVISION,Bagerhat
480,BD,BGD_406,CHITTAGONG DIVISION,Bandarban
481,BD,BGD_399,BARISAL DIVISION,Barguna
482,BD,BGD_400,BARISAL DIVISION,Barisal
483,BD,BGD_401,BARISAL DIVISION,Bhola
484,BD,BGD_443,RAJSHAHI DIVISION,Bogra
485,BD,BGD_407,CHITTAGONG DIVISION,Brahamanbaria
486,BD,BGD_408,CHITTAGONG DIVISION,Chandpur
487,BD,BGD_409,CHITTAGONG DIVISION,Chittagong
488,BD,BGD_426,KHULNA DIVISION,Chuadanga
489,BD,BGD_410,CHITTAGONG DIVISION,Comilla
490,BD,BGD_411,CHITTAGONG DIVISION,Cox's Bazar
491,BD,BGD_422,DHAKA DIVISION,Dhaka
492,BD,BGD_444,RAJSHAHI DIVISION,Dinajpur
493,BD,BGD_427,KHULNA DIVISION,Faridpur
494,BD,BGD_412,CHITTAGONG DIVISION,Feni
495,BD,BGD_445,RAJSHAHI DIVISION,Gaibandha
496,BD,BGD_423,DHAKA DIVISION,Gazipur
497,BD,BGD_428,KHULNA DIVISION,Gopalganj
498,BD,BGD_413,CHITTAGONG DIVISION,Habiganj
499,BD,BGD_446,RAJSHAHI DIVISION,Jamalpur
500,BD,BGD_429,KHULNA DIVISION,Jessore
501,BD,BGD_402,BARISAL DIVISION,Jhalokati
502,BD,BGD_430,KHULNA DIVISION,Jhenaidah
503,BD,BGD_447,RAJSHAHI DIVISION,Joypurhat
504,BD,BGD_414,CHITTAGONG DIVISION,Khagrachhari
505,BD,BGD_431,KHULNA DIVISION,Khulna
506,BD,BGD_415,CHITTAGONG DIVISION,Kishoreganj
507,BD,BGD_453,RANGPUR DIVISION,Kurigram
508,BD,BGD_432,KHULNA DIVISION,Kushtia
509,BD,BGD_416,CHITTAGONG DIVISION,Lakshmipur
510,BD,BGD_454,RANGPUR DIVISION,Lalmonirhat
511,BD,BGD_403,BARISAL DIVISION,Madaripur
512,BD,BGD_433,KHULNA DIVISION,Magura
513,BD,BGD_448,RAJSHAHI DIVISION,Manikganj
514,BD,BGD_459,SYLHET DIVISION,Maulvibazar
515,BD,BGD_434,KHULNA DIVISION,Meherpur
516,BD,BGD_417,CHITTAGONG DIVISION,Munshiganj
517,BD,BGD_424,DHAKA DIVISION,Mymensingh
518,BD,BGD_449,RAJSHAHI DIVISION,Naogaon
519,BD,BGD_435,KHULNA DIVISION,Narail
520,BD,BGD_418,CHITTAGONG DIVISION,Narayanganj
521,BD,BGD_419,CHITTAGONG DIVISION,Narsingdi
522,BD,BGD_436,KHULNA DIVISION,Natore
523,BD,BGD_450,RAJSHAHI DIVISION,Nawabganj
524,BD,BGD_460,SYLHET DIVISION,Netrakona
525,BD,BGD_455,RANGPUR DIVISION,Nilphamari
526,BD,BGD_420,CHITTAGONG DIVISION,Noakhali
527,BD,BGD_437,KHULNA DIVISION,Pabna
528,BD,BGD_456,RANGPUR DIVISION,Panchagarh
529,BD,BGD_404,BARISAL DIVISION,Patuakhali
530,BD,BGD_438,KHULNA DIVISION,Pirojpur
531,BD,BGD_439,KHULNA DIVISION,Rajbari
532,BD,BGD_440,KHULNA DIVISION,Rajshahi
533,BD,BGD_421,CHITTAGONG DIVISION,Rangamati
534,BD,BGD_457,RANGPUR DIVISION,Rangpur
535,BD,BGD_441,KHULNA DIVISION,Satkhira
536,BD,BGD_405,BARISAL DIVISION,Shariatpur
537,BD,BGD_442,MYMENSINGH DIVISION,Sherpur
538,BD,BGD_451,RAJSHAHI DIVISION,Sirajganj
539,BD,BGD_461,SYLHET DIVISION,Sunamganj
540,BD,BGD_462,SYLHET DIVISION,Sylhet
541,BD,BGD_452,RAJSHAHI DIVISION,Tangail
542,BD,BGD_458,RANGPUR DIVISION,Thakurgaon
543,BT,BTN_463,BHUTAN,Bumthang
544,BT,BTN_464,BHUTAN,Chhukha
545,BT,BTN_465,BHUTAN,Dagana
546,BT,BTN_466,BHUTAN,Gasa
547,BT,BTN_467,BHUTAN,Haa
548,BT,BTN_468,BHUTAN,Lhuentse
549,BT,BTN_469,BHUTAN,Monggar
550,BT,BTN_470,BHUTAN,Paro
551,BT,BTN_471,BHUTAN,Pemagatshel
552,BT,BTN_472,BHUTAN,Punakha
553,BT,BTN_473,BHUTAN,Samdrupjongkhar
554,BT,BTN_474,BHUTAN,Samtse
555,BT,BTN_475,BHUTAN,Sarpang
556,BT,BTN_476,BHUTAN,Thimphu
557,BT,BTN_477,BHUTAN,Trashigang
558,BT,BTN_478,BHUTAN,Trongsa
559,BT,BTN_479,BHUTAN,Tsirang
560,BT,BTN_480,BHUTAN,Wangduephodrang
561,BT,BTN_481,BHUTAN,Yangtse
562,BT,BTN_482,BHUTAN,Zhemgang
563,NP,NPL_1227,SUDURPASCHIM,ACHHAM
564,NP,NPL_1237,LUMBINI,ARGHAKHANCHI
565,NP,NPL_1213,GANDAKI,BAGLUNG
566,NP,NPL_1274,SUDURPASCHIM,BAITADI
567,NP,NPL_1228,SUDURPASCHIM,BAJHANG
568,NP,NPL_1229,SUDURPASCHIM,BAJURA
569,NP,NPL_1238,LUMBINI,BANKE
570,NP,NPL_1267,MADHESH,BARA
571,NP,NPL_1239,LUMBINI,BARDIYA
572,NP,NPL_1201,BAGMATI,BHAKTAPUR
573,NP,NPL_1248,KOSHI,BHOJPUR
574,NP,NPL_1268,BAGMATI,CHITAWAN
575,NP,NPL_1275,SUDURPASCHIM,DADELDHURA
576,NP,NPL_1230,KARNALI,DAILEKH
577,NP,NPL_1240,LUMBINI,DANG
578,NP,NPL_1276,SUDURPASCHIM,DARCHULA
579,NP,NPL_1202,BAGMATI,DHADING
580,NP,NPL_1249,KOSHI,DHANKUTA
581,NP,NPL_1250,MADHESH,DHANUSHA
582,NP,NPL_1203,BAGMATI,DOLAKHA
583,NP,NPL_1214,KARNALI,DOLPA
584,NP,NPL_1231,SUDURPASCHIM,DOTI
585,NP,NPL_1204,GANDAKI,GORKHA
586,NP,NPL_1215,GANDAKI,GULMI
587,NP,NPL_1232,KARNALI,HUMLA
588,NP,NPL_1251,KOSHI,ILAM
589,NP,NPL_1233,KARNALI,JAJARKOT
590,NP,NPL_1252,KOSHI,JHAPA
591,NP,NPL_1234,KARNALI,JUMLA
592,NP,NPL_1205,BAGMATI,KABHREPALANCHOK
593,NP,NPL_1241,SUDURPASCHIM,KAILALI
594,NP,NPL_1235,KARNALI,KALIKOT
595,NP,NPL_1277,SUDURPASCHIM,KANCHANPUR
596,NP,NPL_1242,LUMBINI,KAPILBASTU
597,NP,NPL_1216,GANDAKI,KASKI
598,NP,NPL_1206,BAGMATI,KATHMANDU
599,NP,NPL_1253,KOSHI,KHOTANG
600,NP,NPL_1207,BAGMATI,LALITPUR
601,NP,NPL_1217,GANDAKI,LAMJUNG
602,NP,NPL_1269,MADHESH,MAHOTTARI
603,NP,NPL_1270,BAGMATI,MAKAWANPUR
604,NP,NPL_1218,GANDAKI,MANANG
605,NP,NPL_1254,KOSHI,MORANG
606,NP,NPL_1236,KARNALI,MUGU
607,NP,NPL_1219,GANDAKI,MUSTANG
608,NP,NPL_1220,GANDAKI,MYAGDI
609,NP,NPL_1208,GANDAKI,NAWALPARASI_E
610,NP,NPL_1221,GANDAKI,NAWALPARASI_W
611,NP,NPL_1209,BAGMATI,NUWAKOT
612,NP,NPL_1255,KOSHI,OKHALDHUNGA
613,NP,NPL_1222,GANDAKI,PALPA
614,NP,NPL_1256,KOSHI,PANCHTHAR
615,NP,NPL_1223,GANDAKI,PARBAT
616,NP,NPL_1271,MADHESH,PARSA
617,NP,NPL_1224,LUMBINI,PYUTHAN
618,NP,NPL_1257,BAGMATI,RAMECHHAP
619,NP,NPL_1210,BAGMATI,RASUWA
620,NP,NPL_1272,MADHESH,RAUTAHAT
621,NP,NPL_1243,LUMBINI,ROLPA
622,NP,NPL_1225,LUMBINI,RUKUM_E
623,NP,NPL_1244,LUMBINI,RUKUM_W
624,NP,NPL_1245,LUMBINI,RUPANDEHI
625,NP,NPL_1246,LUMBINI,SALYAN
626,NP,NPL_1258,KOSHI,SANKHUWASABHA
627,NP,NPL_1259,MADHESH,SAPTARI
628,NP,NPL_1273,MADHESH,SARLAHI
629,NP,NPL_1260,KOSHI,SINDHULI
630,NP,NPL_1211,BAGMATI,SINDHUPALCHOK
631,NP,NPL_1261,MADHESH,SIRAHA
632,NP,NPL_1262,KOSHI,SOLUKHUMBU
633,NP,NPL_1263,KOSHI,SUNSARI
634,NP,NPL_1247,LUMBINI,SURKHET
635,NP,NPL_1226,GANDAKI,SYANGJA
636,NP,NPL_1212,GANDAKI,TANAHU
637,NP,NPL_1264,KOSHI,TAPLEJUNG
638,NP,NPL_1265,KOSHI,TERHATHUM
639,NP,NPL_1266,KOSHI,UDAYAPUR
640,PK,PAK_1311,KHYBER PAKHTUNKHWA,Abbottabad
641,PK,PAK_1349,PUNJAB (PK),Attock
642,PK,PAK_1278,BALOCHISTAN,Awaran
643,PK,PAK_1385,SINDH,Badin
644,PK,PAK_1350,PUNJAB (PK),Bahawalnagar
645,PK,PAK_1351,PUNJAB (PK),Bahawalpur
646,PK,PAK_1312,KHYBER PAKHTUNKHWA,Bajaur
647,PK,PAK_1313,KHYBER PAKHTUNKHWA,Bannu
648,PK,PAK_1279,BALOCHISTAN,Barkhan
649,PK,PAK_1314,KHYBER PAKHTUNKHWA,Batagram
650,PK,PAK_1352,PUNJAB (PK),Bhakkar
651,PK,PAK_1315,KHYBER PAKHTUNKHWA,Buner
652,PK,PAK_1280,BALOCHISTAN,Chagai
653,PK,PAK_1353,PUNJAB (PK),Chakwal
654,PK,PAK_1316,KHYBER PAKHTUNKHWA,Charsadda
655,PK,PAK_1354,PUNJAB (PK),Chiniot
656,PK,PAK_1317,KHYBER PAKHTUNKHWA,Chitral
657,PK,PAK_1386,SINDH,Dadu
658,PK,PAK_1281,BALOCHISTAN,Dera Bugti
659,PK,PAK_1355,PUNJAB (PK),Dera Ghazi Khan
660,PK,PAK_1318,KHYBER PAKHTUNKHWA,Dera Ismail Khan
661,PK,PAK_1356,PUNJAB (PK),Faisalabad
662,PK,PAK_1319,KHYBER PAKHTUNKHWA,FR Bannu
663,PK,PAK_1320,KHYBER PAKHTUNKHWA,FR Dera Ismail Khan
664,PK,PAK_1321,KHYBER PAKHTUNKHWA,FR Kohat
665,PK,PAK_1322,KHYBER PAKHTUNKHWA,FR Lakki Marwat
666,PK,PAK_1323,KHYBER PAKHTUNKHWA,FR Peshawar
667,PK,PAK_1324,KHYBER PAKHTUNKHWA,FR Tank
668,PK,PAK_1387,SINDH,Ghotki
669,PK,PAK_1357,PUNJAB (PK),Gujranwala
670,PK,PAK_1358,PUNJAB (PK),Gujrat
671,PK,PAK_1282,BALOCHISTAN,Gwadar
672,PK,PAK_1359,PUNJAB (PK),Hafizabad
673,PK,PAK_1325,KHYBER PAKHTUNKHWA,Hangu
674,PK,PAK_1326,KHYBER PAKHTUNKHWA,Haripur
675,PK,PAK_1283,BALOCHISTAN,Harnai
676,PK,PAK_1388,SINDH,Hyderabad
677,PK,PAK_1310,FEDERAL CAPITAL TERRITORY,Islamabad
678,PK,PAK_1389,SINDH,Jacobabad
679,PK,PAK_1284,BALOCHISTAN,Jaffarabad
680,PK,PAK_1390,SINDH,Jamshoro
681,PK,PAK_1285,BALOCHISTAN,Jhal Magsi
682,PK,PAK_1360,PUNJAB (PK),Jhang
683,PK,PAK_1361,PUNJAB (PK),Jhelum
684,PK,PAK_1286,BALOCHISTAN,Kachhi
685,PK,PAK_1287,BALOCHISTAN,Kalat
686,PK,PAK_1391,SINDH,Karachi City
687,PK,PAK_1327,KHYBER PAKHTUNKHWA,Karak
688,PK,PAK_1392,SINDH,Kashmore
689,PK,PAK_1362,PUNJAB (PK),Kasur
690,PK,PAK_1288,BALOCHISTAN,Kech
691,PK,PAK_1393,SINDH,Khairpur
692,PK,PAK_1363,PUNJAB (PK),Khanewal
693,PK,PAK_1289,BALOCHISTAN,Kharan
694,PK,PAK_1364,PUNJAB (PK),Khushab
695,PK,PAK_1290,BALOCHISTAN,Khuzdar
696,PK,PAK_1328,KHYBER PAKHTUNKHWA,Khyber
697,PK,PAK_1291,BALOCHISTAN,Killa Abdullah
698,PK,PAK_1292,BALOCHISTAN,Killa Saifullah
699,PK,PAK_1329,KHYBER PAKHTUNKHWA,Kohat
700,PK,PAK_1330,KHYBER PAKHTUNKHWA,Kohistan
701,PK,PAK_1293,BALOCHISTAN,Kohlu
702,PK,PAK_1331,KHYBER PAKHTUNKHWA,Kurram
703,PK,PAK_1365,PUNJAB (PK),Lahore
704,PK,PAK_1332,KHYBER PAKHTUNKHWA,Lakki Marwat
705,PK,PAK_1394,SINDH,Larkana
706,PK,PAK_1294,BALOCHISTAN,Las Bela
707,PK,PAK_1366,PUNJAB (PK),Layyah
708,PK,PAK_1295,BALOCHISTAN,Lehri
709,PK,PAK_1367,PUNJAB (PK),Lodhran
710,PK,PAK_1296,BALOCHISTAN,Loralai
711,PK,PAK_1333,KHYBER PAKHTUNKHWA,Lower Dir
712,PK,PAK_1334,KHYBER PAKHTUNKHWA,Malakand PA
713,PK,PAK_1368,PUNJAB (PK),Mandi Bahauddin
714,PK,PAK_1335,KHYBER PAKHTUNKHWA,Mansehra
715,PK,PAK_1336,KHYBER PAKHTUNKHWA,Mardan
716,PK,PAK_1297,BALOCHISTAN,Mastung
717,PK,PAK_1395,SINDH,Matiari
718,PK,PAK_1369,PUNJAB (PK),Mianwali
719,PK,PAK_1396,SINDH,Mirpur Khas
720,PK,PAK_1337,KHYBER PAKHTUNKHWA,Mohmand
721,PK,PAK_1370,PUNJAB (PK),Multan
722,PK,PAK_1298,BALOCHISTAN,Musakhel
723,PK,PAK_1371,PUNJAB (PK),Muzaffargarh
724,PK,PAK_1372,PUNJAB (PK),Nankana Sahib
725,PK,PAK_1373,PUNJAB (PK),Narowal
726,PK,PAK_1299,BALOCHISTAN,Nasirabad
727,PK,PAK_1397,SINDH,Naushahro Feroze
728,PK,PAK_1338,KHYBER PAKHTUNKHWA,North Waziristan
729,PK,PAK_1339,KHYBER PAKHTUNKHWA,Nowshera
730,PK,PAK_1300,BALOCHISTAN,Nushki
731,PK,PAK_1374,PUNJAB (PK),Okara
732,PK,PAK_1340,KHYBER PAKHTUNKHWA,Orakzai
733,PK,PAK_1375,PUNJAB (PK),Pakpattan
734,PK,PAK_1301,BALOCHISTAN,Panjgur
735,PK,PAK_1341,KHYBER PAKHTUNKHWA,Peshawar
736,PK,PAK_1302,BALOCHISTAN,Pishin
737,PK,PAK_1398,SINDH,Qambar Shahdadkot
738,PK,PAK_1303,BALOCHISTAN,Quetta
739,PK,PAK_1376,PUNJAB (PK),Rahim Yar Khan
740,PK,PAK_1377,PUNJAB (PK),Rajanpur
741,PK,PAK_1378,PUNJAB (PK),Rawalpindi
742,PK,PAK_1379,PUNJAB (PK),Sahiwal
743,PK,PAK_1399,SINDH,Sanghar
744,PK,PAK_1380,PUNJAB (PK),Sargodha
745,PK,PAK_1400,SINDH,Shaheed Benazirabad
746,PK,PAK_1342,KHYBER PAKHTUNKHWA,Shangla
747,PK,PAK_1304,BALOCHISTAN,Sheerani
748,PK,PAK_1381,PUNJAB (PK),Sheikhupura
749,PK,PAK_1401,SINDH,Shikarpur
750,PK,PAK_1382,PUNJAB (PK),Sialkot
751,PK,PAK_1305,BALOCHISTAN,Sibi
752,PK,PAK_1306,BALOCHISTAN,Sohbatpur
753,PK,PAK_1343,KHYBER PAKHTUNKHWA,South Waziristan
754,PK,PAK_1402,SINDH,Sujawal
755,PK,PAK_1403,SINDH,Sukkur
756,PK,PAK_1344,KHYBER PAKHTUNKHWA,Swabi
757,PK,PAK_1345,KHYBER PAKHTUNKHWA,Swat
758,PK,PAK_1404,SINDH,Tando Allah Yar
759,PK,PAK_1405,SINDH,Tando Muhammad Khan
760,PK,PAK_1346,KHYBER PAKHTUNKHWA,Tank
761,PK,PAK_1406,SINDH,Tharparkar
762,PK,PAK_1407,SINDH,Thatta
763,PK,PAK_1383,PUNJAB (PK),Toba Tek Singh
764,PK,PAK_1347,KHYBER PAKHTUNKHWA,Tor Ghar
765,PK,PAK_1408,SINDH,Umerkot
766,PK,PAK_1348,KHYBER PAKHTUNKHWA,Upper Dir
767,PK,PAK_1384,PUNJAB (PK),Vehari
768,PK,PAK_1307,BALOCHISTAN,Washuk
769,PK,PAK_1308,BALOCHISTAN,Zhob
770,PK,PAK_1309,BALOCHISTAN,Ziarat
771,LK,SLK_1423,NORTHERN PROVINCE,Jaffna District
772,LK,SLK_1424,NORTHERN PROVINCE,Kilinochchi District
773,LK,SLK_1425,NORTHERN PROVINCE,Mannar District
774,LK,SLK_1426,NORTHERN PROVINCE,Mullaitivu District
775,LK,SLK_1429,NORTHERN PROVINCE,Vavuniya District
776,LK,SLK_1431,SOUTHERN PROVINCE,Galle District
777,LK,SLK_1417,SOUTHERN PROVINCE,Hambantota District
778,LK,SLK_1433,SOUTHERN PROVINCE,Matara District
779,LK,SLK_1414,EASTERN PROVINCE,Ampara District
780,LK,SLK_1422,NORTHERN PROVINCE,Anuradhapura District
781,LK,SLK_1415,UVA PROVINCE,Badulla District
782,LK,SLK_1416,EASTERN PROVINCE,Batticaloa District
783,LK,SLK_1419,UVA PROVINCE,Monaragala District
784,LK,SLK_1420,NORTH CENTRAL PROVINCE,Polonnaruwa District
785,LK,SLK_1430,WESTERN PROVINCE,Colombo District
786,LK,SLK_1421,WESTERN PROVINCE,Gampaha District
787,LK,SLK_1432,WESTERN PROVINCE,Kalutara District
788,LK,SLK_1410,SABARAGAMUWA PROVINCE,Kegalle District
789,LK,SLK_1411,NORTH WESTERN PROVINCE,Kurunegala District
790,LK,SLK_1427,NORTH WESTERN PROVINCE,Puttalam District
791,LK,SLK_1413,SABARAGAMUWA PROVINCE,Ratnapura District
792,LK,SLK_1409,CENTRAL PROVINCE,Kandy District
793,LK,SLK_1418,CENTRAL PROVINCE,Matale District
794,LK,SLK_1412,CENTRAL PROVINCE,Nuwara Eliya District
795,LK,SLK_1428,EASTERN PROVINCE,Trincomalee District
796,IN,IND_484,ANDAMAN & NICOBAR,North  & Middle Andaman
797,IN,IND_485,ANDAMAN & NICOBAR,South Andaman
798,IN,IND_483,ANDAMAN & NICOBAR,Nicobars
799,IN,IND_494,ANDHRA PRADESH,Srikakulam
800,IN,IND_496,ANDHRA PRADESH,Vizianagaram
801,IN,IND_495,ANDHRA PRADESH,Visakhapatnam
802,IN,IND_490,ANDHRA PRADESH,Krishna
803,IN,IND_489,ANDHRA PRADESH,Guntur
804,IN,IND_488,ANDHRA PRADESH,East Godavari
805,IN,IND_492,ANDHRA PRADESH,Prakasam
806,IN,IND_491,ANDHRA PRADESH,Kurnool
807,IN,IND_486,ANDHRA PRADESH,Anantapur
808,IN,IND_493,ANDHRA PRADESH,Sri Potti Sriramulu Nell*
809,IN,IND_497,ANDHRA PRADESH,West Godavari
810,IN,IND_498,ANDHRA PRADESH,Y.S.R.
811,IN,IND_487,ANDHRA PRADESH,Chittoor
812,IN,IND_516,ARUNACHAL PRADESH,Upper Subansiri
813,IN,IND_499,ARUNACHAL PRADESH,Anjaw
814,IN,IND_500,ARUNACHAL PRADESH,Changlang
815,IN,IND_512,ARUNACHAL PRADESH,Tawang
816,IN,IND_510,ARUNACHAL PRADESH,Papum Pare
817,IN,IND_513,ARUNACHAL PRADESH,Tirap
818,IN,IND_502,ARUNACHAL PRADESH,East Siang
819,IN,IND_505,ARUNACHAL PRADESH,Lohit
820,IN,IND_504,ARUNACHAL PRADESH,Kurung Kumey
821,IN,IND_508,ARUNACHAL PRADESH,Lower Subansiri
822,IN,IND_501,ARUNACHAL PRADESH,East Kameng
823,IN,IND_517,ARUNACHAL PRADESH,West Kameng
824,IN,IND_503,ARUNACHAL PRADESH,Kra Daadi
825,IN,IND_509,ARUNACHAL PRADESH,Namsai
826,IN,IND_506,ARUNACHAL PRADESH,Longding
827,IN,IND_515,ARUNACHAL PRADESH,Upper Siang
828,IN,IND_518,ARUNACHAL PRADESH,West Siang
829,IN,IND_514,ARUNACHAL PRADESH,Upper Dibang Valley
830,IN,IND_507,ARUNACHAL PRADESH,Lower Dibang Valley
831,IN,IND_511,ARUNACHAL PRADESH,Siang
832,IN,IND_550,ASSAM,Tinsukia
833,IN,IND_527,ASSAM,Dhemaji
834,IN,IND_529,ASSAM,Dibrugarh
835,IN,IND_542,ASSAM,Lakhimpur
836,IN,IND_547,ASSAM,Sivasagar
837,IN,IND_535,ASSAM,Jorhat
838,IN,IND_548,ASSAM,Sonitpur
839,IN,IND_532,ASSAM,Golaghat
840,IN,IND_551,ASSAM,Udalguri
841,IN,IND_525,ASSAM,Chirang
842,IN,IND_519,ASSAM,Baksa
843,IN,IND_545,ASSAM,Nagaon
844,IN,IND_541,ASSAM,Kokrajhar
845,IN,IND_526,ASSAM,Darrang
846,IN,IND_520,ASSAM,Barpeta
847,IN,IND_546,ASSAM,Nalbari
848,IN,IND_544,ASSAM,Morigaon
849,IN,IND_536,ASSAM,Kamrup
850,IN,IND_522,ASSAM,Bongaigaon
851,IN,IND_528,ASSAM,Dhubri
852,IN,IND_537,ASSAM,Kamrup Metropolitan
853,IN,IND_531,ASSAM,Goalpara
854,IN,IND_530,ASSAM,Dima Hasao
855,IN,IND_523,ASSAM,Cachar
856,IN,IND_540,ASSAM,Karimganj
857,IN,IND_533,ASSAM,Hailakandi
858,IN,IND_524,ASSAM,Charaideo
859,IN,IND_543,ASSAM,Majuli
860,IN,IND_521,ASSAM,Biswanath
861,IN,IND_534,ASSAM,Hojai
862,IN,IND_549,ASSAM,South Salmara-mankachar
863,IN,IND_538,ASSAM,Karbi Anglong East
864,IN,IND_539,ASSAM,Karbi Anglong West
865,IN,IND_576,BIHAR,Pashchim Champaran
866,IN,IND_578,BIHAR,Purba Champaran
867,IN,IND_586,BIHAR,Sitamarhi
868,IN,IND_585,BIHAR,Sheohar
869,IN,IND_562,BIHAR,Gopalganj
870,IN,IND_582,BIHAR,Samastipur
871,IN,IND_566,BIHAR,Katihar
872,IN,IND_567,BIHAR,Khagaria
873,IN,IND_558,BIHAR,Bhojpur
874,IN,IND_559,BIHAR,Buxar
875,IN,IND_560,BIHAR,Darbhanga
876,IN,IND_581,BIHAR,Saharsa
877,IN,IND_565,BIHAR,Kaimur (bhabua)
878,IN,IND_580,BIHAR,Rohtas
879,IN,IND_563,BIHAR,Jamui
880,IN,IND_555,BIHAR,Banka
881,IN,IND_575,BIHAR,Nawada
882,IN,IND_561,BIHAR,Gaya
883,IN,IND_572,BIHAR,Munger
884,IN,IND_589,BIHAR,Vaishali
885,IN,IND_556,BIHAR,Begusarai
886,IN,IND_557,BIHAR,Bhagalpur
887,IN,IND_569,BIHAR,Lakhisarai
888,IN,IND_584,BIHAR,Sheikhpura
889,IN,IND_553,BIHAR,Arwal
890,IN,IND_564,BIHAR,Jehanabad
891,IN,IND_574,BIHAR,Nalanda
892,IN,IND_577,BIHAR,Patna
893,IN,IND_583,BIHAR,Saran
894,IN,IND_587,BIHAR,Siwan
895,IN,IND_573,BIHAR,Muzaffarpur
896,IN,IND_570,BIHAR,Madhepura
897,IN,IND_552,BIHAR,Araria
898,IN,IND_588,BIHAR,Supaul
899,IN,IND_571,BIHAR,Madhubani
900,IN,IND_579,BIHAR,Purnia
901,IN,IND_568,BIHAR,Kishanganj
902,IN,IND_554,BIHAR,Aurangabad
903,IN,IND_590,CHANDIGARH,Chandigarh
904,IN,IND_608,CHHATTISGARH,Mahasamund
905,IN,IND_617,CHHATTISGARH,Uttar Bastar Kanker
906,IN,IND_610,CHHATTISGARH,Narayanpur
907,IN,IND_598,CHHATTISGARH,Dakshin Bastar Dantewada
908,IN,IND_595,CHHATTISGARH,Bastar
909,IN,IND_605,CHHATTISGARH,Kondagaon
910,IN,IND_601,CHHATTISGARH,Gariaband
911,IN,IND_612,CHHATTISGARH,Raipur
912,IN,IND_600,CHHATTISGARH,Durg
913,IN,IND_599,CHHATTISGARH,Dhamtari
914,IN,IND_614,CHHATTISGARH,Sukma
915,IN,IND_591,CHHATTISGARH,Balod
916,IN,IND_607,CHHATTISGARH,Koriya
917,IN,IND_603,CHHATTISGARH,Jashpur
918,IN,IND_606,CHHATTISGARH,Korba
919,IN,IND_604,CHHATTISGARH,Kabeerdham
920,IN,IND_602,CHHATTISGARH,Janjgir - Champa
921,IN,IND_594,CHHATTISGARH,Bametara
922,IN,IND_613,CHHATTISGARH,Rajnandgaon
923,IN,IND_615,CHHATTISGARH,Surajpur
924,IN,IND_592,CHHATTISGARH,Baloda Bazar
925,IN,IND_609,CHHATTISGARH,Mungeli
926,IN,IND_616,CHHATTISGARH,Surguja
927,IN,IND_593,CHHATTISGARH,Balrampur
928,IN,IND_596,CHHATTISGARH,Bijapur
929,IN,IND_611,CHHATTISGARH,Raigarh
930,IN,IND_597,CHHATTISGARH,Bilaspur
931,IN,IND_618,DADRA & NAGAR HAVELI,Dadra & Nagar Haveli
932,IN,IND_619,DAMAN & DIU,Daman
933,IN,IND_620,DAMAN & DIU,Diu
934,IN,IND_624,DELHI,North
935,IN,IND_625,DELHI,North East
936,IN,IND_631,DELHI,West
937,IN,IND_622,DELHI,East
938,IN,IND_630,DELHI,South West
939,IN,IND_621,DELHI,Central
940,IN,IND_623,DELHI,New Delhi
941,IN,IND_628,DELHI,South
942,IN,IND_627,DELHI,Shahdara
943,IN,IND_629,DELHI,South East
944,IN,IND_626,DELHI,North West
945,IN,IND_632,GOA,North Goa
946,IN,IND_633,GOA,South Goa
947,IN,IND_666,GUJARAT,Valsad
948,IN,IND_635,GUJARAT,Amreli
949,IN,IND_664,GUJARAT,The Dangs
950,IN,IND_638,GUJARAT,Banas Kantha
951,IN,IND_657,GUJARAT,Patan
952,IN,IND_651,GUJARAT,Mahesana
953,IN,IND_645,GUJARAT,Gandhinagar
954,IN,IND_634,GUJARAT,Ahmadabad
955,IN,IND_656,GUJARAT,Panch Mahals
956,IN,IND_644,GUJARAT,Dohad
957,IN,IND_665,GUJARAT,Vadodara
958,IN,IND_639,GUJARAT,Bharuch
959,IN,IND_658,GUJARAT,Porbandar
960,IN,IND_654,GUJARAT,Narmada
961,IN,IND_661,GUJARAT,Surat
962,IN,IND_663,GUJARAT,Tapi
963,IN,IND_637,GUJARAT,Aravalli
964,IN,IND_641,GUJARAT,Botad
965,IN,IND_642,GUJARAT,Chota Udaipur
966,IN,IND_652,GUJARAT,Mahisagar
967,IN,IND_646,GUJARAT,Gir Somnath
968,IN,IND_660,GUJARAT,Sabar Kantha
969,IN,IND_649,GUJARAT,Kachchh
970,IN,IND_662,GUJARAT,Surendranagar
971,IN,IND_659,GUJARAT,Rajkot
972,IN,IND_650,GUJARAT,Kheda
973,IN,IND_636,GUJARAT,Anand
974,IN,IND_640,GUJARAT,Bhavnagar
975,IN,IND_648,GUJARAT,Junagadh
976,IN,IND_647,GUJARAT,Jamnagar
977,IN,IND_643,GUJARAT,Devbhoomi Dwarka
978,IN,IND_653,GUJARAT,Morbi
979,IN,IND_655,GUJARAT,Navsari
980,IN,IND_674,HARYANA,Jhajjar
981,IN,IND_672,HARYANA,Gurugram
982,IN,IND_670,HARYANA,Faridabad
983,IN,IND_679,HARYANA,Mahendragarh
984,IN,IND_684,HARYANA,Rewari
985,IN,IND_680,HARYANA,Mewat
986,IN,IND_681,HARYANA,Palwal
987,IN,IND_669,HARYANA,Charkhi Dadri
988,IN,IND_688,HARYANA,Yamunanagar
989,IN,IND_678,HARYANA,Kurukshetra
990,IN,IND_676,HARYANA,Kaithal
991,IN,IND_686,HARYANA,Sirsa
992,IN,IND_677,HARYANA,Karnal
993,IN,IND_675,HARYANA,Jind
994,IN,IND_671,HARYANA,Fatehabad
995,IN,IND_673,HARYANA,Hisar
996,IN,IND_683,HARYANA,Panipat
997,IN,IND_687,HARYANA,Sonipat
998,IN,IND_668,HARYANA,Bhiwani
999,IN,IND_685,HARYANA,Rohtak
1000,IN,IND_682,HARYANA,Panchkula
1001,IN,IND_667,HARYANA,Ambala
1002,IN,IND_695,HIMACHAL PRADESH,Lahul & Spiti
1003,IN,IND_690,HIMACHAL PRADESH,Chamba
1004,IN,IND_692,HIMACHAL PRADESH,Kangra
1005,IN,IND_694,HIMACHAL PRADESH,Kullu
1006,IN,IND_696,HIMACHAL PRADESH,Mandi
1007,IN,IND_693,HIMACHAL PRADESH,Kinnaur
1008,IN,IND_700,HIMACHAL PRADESH,Una
1009,IN,IND_697,HIMACHAL PRADESH,Shimla
1010,IN,IND_699,HIMACHAL PRADESH,Solan
1011,IN,IND_698,HIMACHAL PRADESH,Sirmaur
1012,IN,IND_691,HIMACHAL PRADESH,Hamirpur
1013,IN,IND_689,HIMACHAL PRADESH,Bilaspur
1014,IN,IND_713,LADAKH,Leh(ladakh)
1015,IN,IND_708,LADAKH,Kargil
1016,IN,IND_712,JAMMU & KASHMIR,Kupwara
1017,IN,IND_703,JAMMU & KASHMIR,Bandipore
1018,IN,IND_704,JAMMU & KASHMIR,Baramula
1019,IN,IND_706,JAMMU & KASHMIR,Ganderbal
1020,IN,IND_701,JAMMU & KASHMIR,Anantnag
1021,IN,IND_710,JAMMU & KASHMIR,Kishtwar
1022,IN,IND_722,JAMMU & KASHMIR,Srinagar
1023,IN,IND_702,JAMMU & KASHMIR,Badgam
1024,IN,IND_715,JAMMU & KASHMIR,Pulwama
1025,IN,IND_716,JAMMU & KASHMIR,Punch
1026,IN,IND_721,JAMMU & KASHMIR,Shupiyan
1027,IN,IND_711,JAMMU & KASHMIR,Kulgam
1028,IN,IND_717,JAMMU & KASHMIR,Rajouri
1029,IN,IND_718,JAMMU & KASHMIR,Ramban
1030,IN,IND_719,JAMMU & KASHMIR,Reasi
1031,IN,IND_705,JAMMU & KASHMIR,Doda
1032,IN,IND_707,JAMMU & KASHMIR,Jammu
1033,IN,IND_709,JAMMU & KASHMIR,Kathua
1034,IN,IND_723,JAMMU & KASHMIR,Udhampur
1035,IN,IND_720,JAMMU & KASHMIR,Samba
1036,IN,IND_745,JHARKHAND,Sahibganj
1037,IN,IND_731,JHARKHAND,Godda
1038,IN,IND_739,JHARKHAND,Pakur
1039,IN,IND_730,JHARKHAND,Giridih
1040,IN,IND_728,JHARKHAND,Dumka
1041,IN,IND_726,JHARKHAND,Deoghar
1042,IN,IND_740,JHARKHAND,Palamu
1043,IN,IND_725,JHARKHAND,Chatra
1044,IN,IND_729,JHARKHAND,Garhwa
1045,IN,IND_734,JHARKHAND,Jamtara
1046,IN,IND_727,JHARKHAND,Dhanbad
1047,IN,IND_737,JHARKHAND,Latehar
1048,IN,IND_724,JHARKHAND,Bokaro
1049,IN,IND_743,JHARKHAND,Ramgarh
1050,IN,IND_744,JHARKHAND,Ranchi
1051,IN,IND_738,JHARKHAND,Lohardaga
1052,IN,IND_732,JHARKHAND,Gumla
1053,IN,IND_735,JHARKHAND,Khunti
1054,IN,IND_746,JHARKHAND,Saraikela-kharsawan
1055,IN,IND_742,JHARKHAND,Purbi Singhbhum
1056,IN,IND_741,JHARKHAND,Pashchimi Singhbhum
1057,IN,IND_747,JHARKHAND,Simdega
1058,IN,IND_736,JHARKHAND,Kodarma
1059,IN,IND_733,JHARKHAND,Hazaribagh
1060,IN,IND_753,KARNATAKA,Bidar
1061,IN,IND_763,KARNATAKA,Gulbarga
1062,IN,IND_751,KARNATAKA,Belgaum
1063,IN,IND_777,KARNATAKA,Yadgir
1064,IN,IND_748,KARNATAKA,Bagalkot
1065,IN,IND_771,KARNATAKA,Raichur
1066,IN,IND_768,KARNATAKA,Koppal
1067,IN,IND_762,KARNATAKA,Gadag
1068,IN,IND_752,KARNATAKA,Bellary
1069,IN,IND_761,KARNATAKA,Dharwad
1070,IN,IND_776,KARNATAKA,Uttara Kannada
1071,IN,IND_765,KARNATAKA,Haveri
1072,IN,IND_758,KARNATAKA,Chitradurga
1073,IN,IND_760,KARNATAKA,Davanagere
1074,IN,IND_773,KARNATAKA,Shimoga
1075,IN,IND_775,KARNATAKA,Udupi
1076,IN,IND_757,KARNATAKA,Chikmagalur
1077,IN,IND_756,KARNATAKA,Chikkaballapura
1078,IN,IND_764,KARNATAKA,Hassan
1079,IN,IND_767,KARNATAKA,Kolar
1080,IN,IND_750,KARNATAKA,Bangalore Rural
1081,IN,IND_759,KARNATAKA,Dakshina Kannada
1082,IN,IND_749,KARNATAKA,Bangalore
1083,IN,IND_766,KARNATAKA,Kodagu
1084,IN,IND_755,KARNATAKA,Chamarajanagar
1085,IN,IND_774,KARNATAKA,Tumkur
1086,IN,IND_772,KARNATAKA,Ramanagara
1087,IN,IND_769,KARNATAKA,Mandya
1088,IN,IND_770,KARNATAKA,Mysore
1089,IN,IND_754,KARNATAKA,Bijapur
1090,IN,IND_782,KERALA,Kasaragod
1091,IN,IND_791,KERALA,Wayanad
1092,IN,IND_785,KERALA,Kozhikode
1093,IN,IND_786,KERALA,Malappuram
1094,IN,IND_787,KERALA,Palakkad
1095,IN,IND_790,KERALA,Thrissur
1096,IN,IND_780,KERALA,Idukki
1097,IN,IND_779,KERALA,Ernakulam
1098,IN,IND_778,KERALA,Alappuzha
1099,IN,IND_784,KERALA,Kottayam
1100,IN,IND_788,KERALA,Pathanamthitta
1101,IN,IND_783,KERALA,Kollam
1102,IN,IND_789,KERALA,Thiruvananthapuram
1103,IN,IND_781,KERALA,Kannur
1105,IN,IND_854,MAHARASHTRA,Gondiya
1106,IN,IND_848,MAHARASHTRA,Bhandara
1107,IN,IND_856,MAHARASHTRA,Jalgaon
1108,IN,IND_877,MAHARASHTRA,Wardha
1109,IN,IND_850,MAHARASHTRA,Buldana
1110,IN,IND_845,MAHARASHTRA,Akola
1111,IN,IND_865,MAHARASHTRA,Nashik
1112,IN,IND_853,MAHARASHTRA,Gadchiroli
1113,IN,IND_878,MAHARASHTRA,Washim
1114,IN,IND_851,MAHARASHTRA,Chandrapur
1115,IN,IND_879,MAHARASHTRA,Yavatmal
1116,IN,IND_857,MAHARASHTRA,Jalna
1117,IN,IND_844,MAHARASHTRA,Ahmadnagar
1118,IN,IND_855,MAHARASHTRA,Hingoli
1119,IN,IND_863,MAHARASHTRA,Nanded
1120,IN,IND_868,MAHARASHTRA,Parbhani
1121,IN,IND_869,MAHARASHTRA,Pune
1122,IN,IND_849,MAHARASHTRA,Bid
1123,IN,IND_861,MAHARASHTRA,Mumbai Suburban
1124,IN,IND_860,MAHARASHTRA,Mumbai
1125,IN,IND_859,MAHARASHTRA,Latur
1126,IN,IND_866,MAHARASHTRA,Osmanabad
1127,IN,IND_875,MAHARASHTRA,Solapur
1128,IN,IND_873,MAHARASHTRA,Satara
1129,IN,IND_871,MAHARASHTRA,Ratnagiri
1130,IN,IND_872,MAHARASHTRA,Sangli
1131,IN,IND_858,MAHARASHTRA,Kolhapur
1132,IN,IND_874,MAHARASHTRA,Sindhudurg
1133,IN,IND_876,MAHARASHTRA,Thane
1134,IN,IND_867,MAHARASHTRA,Palghar
1135,IN,IND_864,MAHARASHTRA,Nandurbar
1136,IN,IND_846,MAHARASHTRA,Amravati
1137,IN,IND_852,MAHARASHTRA,Dhule
1138,IN,IND_862,MAHARASHTRA,Nagpur
1139,IN,IND_847,MAHARASHTRA,Aurangabad
1140,IN,IND_870,MAHARASHTRA,Raigarh
1141,IN,IND_887,MANIPUR,Kamjong
1142,IN,IND_891,MANIPUR,Senapati
1143,IN,IND_892,MANIPUR,Tamenglong
1144,IN,IND_884,MANIPUR,Imphal West
1145,IN,IND_886,MANIPUR,Kakching
1146,IN,IND_880,MANIPUR,Bishnupur
1147,IN,IND_881,MANIPUR,Chandel
1148,IN,IND_882,MANIPUR,Churachandpur
1149,IN,IND_883,MANIPUR,Imphal East
1150,IN,IND_885,MANIPUR,Jiribam
1151,IN,IND_888,MANIPUR,Kangpokpi
1152,IN,IND_894,MANIPUR,Thoubal
1153,IN,IND_893,MANIPUR,Tengnoupal
1154,IN,IND_895,MANIPUR,Ukhrul
1155,IN,IND_889,MANIPUR,Noney
1156,IN,IND_890,MANIPUR,Pherzawl
1157,IN,IND_900,MEGHALAYA,Ribhoi
1158,IN,IND_906,MEGHALAYA,West Khasi Hills
1159,IN,IND_897,MEGHALAYA,East Jaintia Hills
1160,IN,IND_898,MEGHALAYA,East Khasi Hills
1161,IN,IND_901,MEGHALAYA,South Garo Hills
1162,IN,IND_904,MEGHALAYA,West Garo Hills
1163,IN,IND_896,MEGHALAYA,East Garo Hills
1164,IN,IND_905,MEGHALAYA,West Jaintia Hills
1165,IN,IND_903,MEGHALAYA,South West Khasi Hills
1166,IN,IND_899,MEGHALAYA,North Garo Hills
1167,IN,IND_902,MEGHALAYA,South West Garo Hills
1168,IN,IND_909,MIZORAM,Kolasib
1169,IN,IND_907,MIZORAM,Aizawl
1170,IN,IND_912,MIZORAM,Mamit
1171,IN,IND_908,MIZORAM,Champhai
1172,IN,IND_914,MIZORAM,Serchhip
1173,IN,IND_911,MIZORAM,Lunglei
1174,IN,IND_913,MIZORAM,Saiha
1175,IN,IND_910,MIZORAM,Lawngtlai
1176,IN,IND_802,MADHYA PRADESH,Burhanpur
1177,IN,IND_821,MADHYA PRADESH,Morena
1178,IN,IND_800,MADHYA PRADESH,Bhind
1179,IN,IND_812,MADHYA PRADESH,Gwalior
1180,IN,IND_835,MADHYA PRADESH,Sheopur
1181,IN,IND_836,MADHYA PRADESH,Shivpuri
1182,IN,IND_839,MADHYA PRADESH,Tikamgarh
1183,IN,IND_823,MADHYA PRADESH,Neemuch
1184,IN,IND_828,MADHYA PRADESH,Rewa
1185,IN,IND_830,MADHYA PRADESH,Satna
1186,IN,IND_811,MADHYA PRADESH,Guna
1187,IN,IND_796,MADHYA PRADESH,Ashoknagar
1188,IN,IND_820,MADHYA PRADESH,Mandsaur
1189,IN,IND_838,MADHYA PRADESH,Singrauli
1190,IN,IND_837,MADHYA PRADESH,Sidhi
1191,IN,IND_829,MADHYA PRADESH,Sagar
1192,IN,IND_805,MADHYA PRADESH,Damoh
1193,IN,IND_834,MADHYA PRADESH,Shajapur
1194,IN,IND_842,MADHYA PRADESH,Vidisha
1195,IN,IND_826,MADHYA PRADESH,Rajgarh
1196,IN,IND_833,MADHYA PRADESH,Shahdol
1197,IN,IND_818,MADHYA PRADESH,Katni
1198,IN,IND_841,MADHYA PRADESH,Umaria
1199,IN,IND_827,MADHYA PRADESH,Ratlam
1200,IN,IND_801,MADHYA PRADESH,Bhopal
1201,IN,IND_840,MADHYA PRADESH,Ujjain
1202,IN,IND_825,MADHYA PRADESH,Raisen
1203,IN,IND_831,MADHYA PRADESH,Sehore
1204,IN,IND_816,MADHYA PRADESH,Jabalpur
1205,IN,IND_807,MADHYA PRADESH,Dewas
1206,IN,IND_795,MADHYA PRADESH,Anuppur
1207,IN,IND_817,MADHYA PRADESH,Jhabua
1208,IN,IND_809,MADHYA PRADESH,Dindori
1209,IN,IND_822,MADHYA PRADESH,Narsimhapur
1210,IN,IND_808,MADHYA PRADESH,Dhar
1211,IN,IND_815,MADHYA PRADESH,Indore
1212,IN,IND_819,MADHYA PRADESH,Mandla
1213,IN,IND_814,MADHYA PRADESH,Hoshangabad
1214,IN,IND_832,MADHYA PRADESH,Seoni
1215,IN,IND_794,MADHYA PRADESH,Alirajpur
1216,IN,IND_804,MADHYA PRADESH,Chhindwara
1217,IN,IND_813,MADHYA PRADESH,Harda
1218,IN,IND_843,MADHYA PRADESH,West Nimar
1219,IN,IND_810,MADHYA PRADESH,East Nimar
1220,IN,IND_797,MADHYA PRADESH,Balaghat
1221,IN,IND_798,MADHYA PRADESH,Barwani
1222,IN,IND_793,MADHYA PRADESH,Agar Malwa
1223,IN,IND_806,MADHYA PRADESH,Datia
1224,IN,IND_803,MADHYA PRADESH,Chhatarpur
1225,IN,IND_824,MADHYA PRADESH,Panna
1226,IN,IND_799,MADHYA PRADESH,Betul
1227,IN,IND_920,NAGALAND,Mon
1228,IN,IND_918,NAGALAND,Longleng
1229,IN,IND_919,NAGALAND,Mokokchung
1230,IN,IND_923,NAGALAND,Tuensang
1231,IN,IND_916,NAGALAND,Kiphire
1232,IN,IND_921,NAGALAND,Peren
1233,IN,IND_924,NAGALAND,Wokha
1234,IN,IND_925,NAGALAND,Zunheboto
1235,IN,IND_922,NAGALAND,Phek
1236,IN,IND_917,NAGALAND,Kohima
1237,IN,IND_915,NAGALAND,Dimapur
1238,IN,IND_931,ODISHA,Bhadrak
1239,IN,IND_934,ODISHA,Dhenkanal
1240,IN,IND_938,ODISHA,Jajapur
1241,IN,IND_954,ODISHA,Subarnapur
1242,IN,IND_950,ODISHA,Nuapada
1243,IN,IND_927,ODISHA,Balangir
1244,IN,IND_930,ODISHA,Baudh
1245,IN,IND_932,ODISHA,Cuttack
1246,IN,IND_941,ODISHA,Kandhamal
1247,IN,IND_949,ODISHA,Nayagarh
1248,IN,IND_944,ODISHA,Khordha
1249,IN,IND_940,ODISHA,Kalahandi
1250,IN,IND_937,ODISHA,Jagatsinghapur
1251,IN,IND_951,ODISHA,Puri
1252,IN,IND_948,ODISHA,Nabarangapur
1253,IN,IND_952,ODISHA,Rayagada
1254,IN,IND_945,ODISHA,Koraput
1255,IN,IND_946,ODISHA,Malkangiri
1256,IN,IND_926,ODISHA,Anugul
1257,IN,IND_942,ODISHA,Kendrapara
1258,IN,IND_936,ODISHA,Ganjam
1259,IN,IND_935,ODISHA,Gajapati
1260,IN,IND_947,ODISHA,Mayurbhanj
1261,IN,IND_955,ODISHA,Sundargarh
1262,IN,IND_943,ODISHA,Kendujhar
1263,IN,IND_928,ODISHA,Baleshwar
1264,IN,IND_939,ODISHA,Jharsuguda
1265,IN,IND_929,ODISHA,Bargarh
1266,IN,IND_933,ODISHA,Debagarh
1267,IN,IND_953,ODISHA,Sambalpur
1268,IN,IND_958,PUDUCHERRY,Puducherry
1269,IN,IND_956,PUDUCHERRY,Karaikal
1270,IN,IND_957,PUDUCHERRY,Mahe
1271,IN,IND_959,PUDUCHERRY,Yanam
1272,IN,IND_967,PUNJAB,Gurdaspur
1273,IN,IND_968,PUNJAB,Hoshiarpur
1274,IN,IND_960,PUNJAB,Amritsar
1275,IN,IND_969,PUNJAB,Jalandhar
1276,IN,IND_981,PUNJAB,Tarn Taran
1277,IN,IND_977,PUNJAB,Rupnagar
1278,IN,IND_980,PUNJAB,Shahid Bhagat Singh Nagar
1279,IN,IND_965,PUNJAB,Fazilka
1280,IN,IND_973,PUNJAB,Moga
1281,IN,IND_971,PUNJAB,Ludhiana
1282,IN,IND_978,PUNJAB,Sahibzada Ajit Singh Nag*
1283,IN,IND_963,PUNJAB,Faridkot
1284,IN,IND_964,PUNJAB,Fatehgarh Sahib
1285,IN,IND_974,PUNJAB,Muktsar
1286,IN,IND_979,PUNJAB,Sangrur
1287,IN,IND_961,PUNJAB,Barnala
1288,IN,IND_962,PUNJAB,Bathinda
1289,IN,IND_976,PUNJAB,Patiala
1290,IN,IND_972,PUNJAB,Mansa
1291,IN,IND_966,PUNJAB,Firozpur
1292,IN,IND_975,PUNJAB,Pathankot
1293,IN,IND_970,PUNJAB,Kapurthala
1294,IN,IND_992,RAJASTHAN,Churu
1295,IN,IND_1002,RAJASTHAN,Jhunjhunun
1296,IN,IND_999,RAJASTHAN,Jaisalmer
1297,IN,IND_1011,RAJASTHAN,Sikar
1298,IN,IND_983,RAJASTHAN,Alwar
1299,IN,IND_998,RAJASTHAN,Jaipur
1300,IN,IND_1003,RAJASTHAN,Jodhpur
1301,IN,IND_987,RAJASTHAN,Bharatpur
1302,IN,IND_1006,RAJASTHAN,Nagaur
1303,IN,IND_993,RAJASTHAN,Dausa
1304,IN,IND_1004,RAJASTHAN,Karauli
1305,IN,IND_994,RAJASTHAN,Dhaulpur
1306,IN,IND_986,RAJASTHAN,Barmer
1307,IN,IND_1010,RAJASTHAN,Sawai Madhopur
1308,IN,IND_1013,RAJASTHAN,Tonk
1309,IN,IND_1007,RAJASTHAN,Pali
1310,IN,IND_988,RAJASTHAN,Bhilwara
1311,IN,IND_1000,RAJASTHAN,Jalor
1312,IN,IND_990,RAJASTHAN,Bundi
1313,IN,IND_1005,RAJASTHAN,Kota
1314,IN,IND_1012,RAJASTHAN,Sirohi
1315,IN,IND_985,RAJASTHAN,Baran
1316,IN,IND_1014,RAJASTHAN,Udaipur
1317,IN,IND_1001,RAJASTHAN,Jhalawar
1318,IN,IND_995,RAJASTHAN,Dungarpur
1319,IN,IND_984,RAJASTHAN,Banswara
1320,IN,IND_982,RAJASTHAN,Ajmer
1321,IN,IND_1009,RAJASTHAN,Rajsamand
1322,IN,IND_991,RAJASTHAN,Chittaurgarh
1323,IN,IND_996,RAJASTHAN,Ganganagar
1324,IN,IND_997,RAJASTHAN,Hanumangarh
1325,IN,IND_989,RAJASTHAN,Bikaner
1326,IN,IND_1008,RAJASTHAN,Pratapgarh
1327,IN,IND_1016,SIKKIM,North  District
1328,IN,IND_1018,SIKKIM,West District
1329,IN,IND_1017,SIKKIM,South District
1330,IN,IND_1015,SIKKIM,East District
1331,IN,IND_1041,TAMIL NADU,Thiruvallur
1332,IN,IND_1048,TAMIL NADU,Vellore
1333,IN,IND_1020,TAMIL NADU,Chennai
1334,IN,IND_1026,TAMIL NADU,Kancheepuram
1335,IN,IND_1029,TAMIL NADU,Krishnagiri
1336,IN,IND_1047,TAMIL NADU,Tiruvannamalai
1337,IN,IND_1023,TAMIL NADU,Dharmapuri
1338,IN,IND_1036,TAMIL NADU,Salem
1339,IN,IND_1025,TAMIL NADU,Erode
1340,IN,IND_1039,TAMIL NADU,The Nilgiris
1341,IN,IND_1032,TAMIL NADU,Namakkal
1342,IN,IND_1033,TAMIL NADU,Perambalur
1343,IN,IND_1021,TAMIL NADU,Coimbatore
1344,IN,IND_1044,TAMIL NADU,Tiruchirappalli
1345,IN,IND_1019,TAMIL NADU,Ariyalur
1346,IN,IND_1046,TAMIL NADU,Tiruppur
1347,IN,IND_1038,TAMIL NADU,Thanjavur
1348,IN,IND_1028,TAMIL NADU,Karur
1349,IN,IND_1042,TAMIL NADU,Thiruvarur
1350,IN,IND_1024,TAMIL NADU,Dindigul
1351,IN,IND_1030,TAMIL NADU,Madurai
1352,IN,IND_1040,TAMIL NADU,Theni
1353,IN,IND_1050,TAMIL NADU,Virudhunagar
1354,IN,IND_1045,TAMIL NADU,Tirunelveli
1355,IN,IND_1043,TAMIL NADU,Thoothukkudi
1356,IN,IND_1027,TAMIL NADU,Kanniyakumari
1357,IN,IND_1049,TAMIL NADU,Viluppuram
1358,IN,IND_1022,TAMIL NADU,Cuddalore
1359,IN,IND_1031,TAMIL NADU,Nagapattinam
1360,IN,IND_1034,TAMIL NADU,Pudukkottai
1361,IN,IND_1037,TAMIL NADU,Sivaganga
1362,IN,IND_1035,TAMIL NADU,Ramanathapuram
1363,IN,IND_1051,TELANGANA,Adilabad
1364,IN,IND_1053,TELANGANA,Hyderabad
1365,IN,IND_1054,TELANGANA,Jagtial
1366,IN,IND_1055,TELANGANA,Jangaon
1367,IN,IND_1056,TELANGANA,Jayashankar
1368,IN,IND_1057,TELANGANA,Jogulamba
1369,IN,IND_1058,TELANGANA,Kamareddy
1370,IN,IND_1059,TELANGANA,Karimnagar
1371,IN,IND_1060,TELANGANA,Khammam
1372,IN,IND_1061,TELANGANA,Komaram Bheem
1373,IN,IND_1062,TELANGANA,Mahabubabad
1374,IN,IND_1063,TELANGANA,Mahabubnagar
1375,IN,IND_1064,TELANGANA,Mancherial
1376,IN,IND_1065,TELANGANA,Medak
1377,IN,IND_1066,TELANGANA,Medchal Malkajgiri
1378,IN,IND_1067,TELANGANA,Nagarkurnool
1379,IN,IND_1068,TELANGANA,Nalgonda
1380,IN,IND_1069,TELANGANA,Nirmal
1381,IN,IND_1070,TELANGANA,Nizamabad
1382,IN,IND_1071,TELANGANA,Peddapalle
1383,IN,IND_1072,TELANGANA,Rajanna
1384,IN,IND_1073,TELANGANA,Rangareddy
1385,IN,IND_1074,TELANGANA,Sangareddy
1386,IN,IND_1075,TELANGANA,Siddipet
1387,IN,IND_1076,TELANGANA,Suryapet
1388,IN,IND_1077,TELANGANA,Vikarabad
1389,IN,IND_1078,TELANGANA,Wanaparthy
1390,IN,IND_1079,TELANGANA,Warangal Rural
1391,IN,IND_1080,TELANGANA,Warangal Urban
1392,IN,IND_1081,TELANGANA,Yadadri
1393,IN,IND_1052,TELANGANA,Bhadradri
1394,IN,IND_1085,TRIPURA,North Tripura
1395,IN,IND_1082,TRIPURA,Dhalai
1396,IN,IND_1086,TRIPURA,Sipahijala
1397,IN,IND_1083,TRIPURA,Gomati
1398,IN,IND_1084,TRIPURA,Khowai
1399,IN,IND_1089,TRIPURA,West Tripura
1400,IN,IND_1087,TRIPURA,South Tripura
1401,IN,IND_1088,TRIPURA,Unokoti
1402,IN,IND_1095,UTTAR PRADESH,Amroha
1403,IN,IND_1125,UTTAR PRADESH,Hapur
1404,IN,IND_1104,UTTAR PRADESH,Bareilly
1405,IN,IND_1149,UTTAR PRADESH,Pilibhit
1406,IN,IND_1109,UTTAR PRADESH,Bulandshahr
1407,IN,IND_1119,UTTAR PRADESH,Gautam Buddha Nagar
1408,IN,IND_1135,UTTAR PRADESH,Kheri
1409,IN,IND_1108,UTTAR PRADESH,Budaun
1410,IN,IND_1099,UTTAR PRADESH,Bahraich
1411,IN,IND_1156,UTTAR PRADESH,Shahjahanpur
1412,IN,IND_1091,UTTAR PRADESH,Aligarh
1413,IN,IND_1133,UTTAR PRADESH,Kasganj
1414,IN,IND_1143,UTTAR PRADESH,Mathura
1415,IN,IND_1158,UTTAR PRADESH,Shrawasti
1416,IN,IND_1160,UTTAR PRADESH,Sitapur
1417,IN,IND_1139,UTTAR PRADESH,Mahamaya Nagar
1418,IN,IND_1113,UTTAR PRADESH,Etah
1419,IN,IND_1126,UTTAR PRADESH,Hardoi
1420,IN,IND_1116,UTTAR PRADESH,Farrukhabad
1421,IN,IND_1118,UTTAR PRADESH,Firozabad
1422,IN,IND_1159,UTTAR PRADESH,Siddharthnagar
1423,IN,IND_1142,UTTAR PRADESH,Mainpuri
1424,IN,IND_1141,UTTAR PRADESH,Mahrajganj
1425,IN,IND_1090,UTTAR PRADESH,Agra
1426,IN,IND_1122,UTTAR PRADESH,Gonda
1427,IN,IND_1103,UTTAR PRADESH,Bara Banki
1428,IN,IND_1136,UTTAR PRADESH,Kushinagar
1429,IN,IND_1130,UTTAR PRADESH,Kannauj
1430,IN,IND_1138,UTTAR PRADESH,Lucknow
1431,IN,IND_1105,UTTAR PRADESH,Basti
1432,IN,IND_1123,UTTAR PRADESH,Gorakhpur
1433,IN,IND_1155,UTTAR PRADESH,Sant Kabir Nagar
1434,IN,IND_1163,UTTAR PRADESH,Unnao
1435,IN,IND_1114,UTTAR PRADESH,Etawah
1436,IN,IND_1132,UTTAR PRADESH,Kanpur Nagar
1437,IN,IND_1096,UTTAR PRADESH,Auraiya
1438,IN,IND_1115,UTTAR PRADESH,Faizabad
1439,IN,IND_1131,UTTAR PRADESH,Kanpur Dehat
1440,IN,IND_1112,UTTAR PRADESH,Deoria
1441,IN,IND_1162,UTTAR PRADESH,Sultanpur
1442,IN,IND_1093,UTTAR PRADESH,Ambedkar Nagar
1443,IN,IND_1151,UTTAR PRADESH,Rae Bareli
1444,IN,IND_1127,UTTAR PRADESH,Jalaun
1445,IN,IND_1097,UTTAR PRADESH,Azamgarh
1446,IN,IND_1144,UTTAR PRADESH,Mau
1447,IN,IND_1117,UTTAR PRADESH,Fatehpur
1448,IN,IND_1100,UTTAR PRADESH,Ballia
1449,IN,IND_1128,UTTAR PRADESH,Jaunpur
1450,IN,IND_1129,UTTAR PRADESH,Jhansi
1451,IN,IND_1102,UTTAR PRADESH,Banda
1452,IN,IND_1121,UTTAR PRADESH,Ghazipur
1453,IN,IND_1134,UTTAR PRADESH,Kaushambi
1454,IN,IND_1092,UTTAR PRADESH,Allahabad
1455,IN,IND_1164,UTTAR PRADESH,Varanasi
1456,IN,IND_1111,UTTAR PRADESH,Chitrakoot
1457,IN,IND_1110,UTTAR PRADESH,Chandauli
1458,IN,IND_1106,UTTAR PRADESH,Bhadohi
1459,IN,IND_1146,UTTAR PRADESH,Mirzapur
1460,IN,IND_1137,UTTAR PRADESH,Lalitpur
1461,IN,IND_1161,UTTAR PRADESH,Sonbhadra
1462,IN,IND_1094,UTTAR PRADESH,Amethi
1463,IN,IND_1120,UTTAR PRADESH,Ghaziabad
1464,IN,IND_1154,UTTAR PRADESH,Sambhal
1465,IN,IND_1140,UTTAR PRADESH,Mahoba
1466,IN,IND_1153,UTTAR PRADESH,Saharanpur
1467,IN,IND_1107,UTTAR PRADESH,Bijnor
1468,IN,IND_1148,UTTAR PRADESH,Muzaffarnagar
1469,IN,IND_1098,UTTAR PRADESH,Baghpat
1470,IN,IND_1145,UTTAR PRADESH,Meerut
1471,IN,IND_1147,UTTAR PRADESH,Moradabad
1472,IN,IND_1152,UTTAR PRADESH,Rampur
1473,IN,IND_1157,UTTAR PRADESH,Shamli
1474,IN,IND_1101,UTTAR PRADESH,Balrampur
1475,IN,IND_1124,UTTAR PRADESH,Hamirpur
1476,IN,IND_1150,UTTAR PRADESH,Pratapgarh
1477,IN,IND_1177,UTTARAKHAND,Uttarkashi
1478,IN,IND_1167,UTTARAKHAND,Chamoli
1479,IN,IND_1169,UTTARAKHAND,Dehradun
1480,IN,IND_1175,UTTARAKHAND,Tehri Garhwal
1481,IN,IND_1174,UTTARAKHAND,Rudraprayag
1482,IN,IND_1173,UTTARAKHAND,Pithoragarh
1483,IN,IND_1166,UTTARAKHAND,Bageshwar
1484,IN,IND_1171,UTTARAKHAND,Hardwar
1485,IN,IND_1170,UTTARAKHAND,Garhwal
1486,IN,IND_1165,UTTARAKHAND,Almora
1487,IN,IND_1172,UTTARAKHAND,Nainital
1488,IN,IND_1168,UTTARAKHAND,Champawat
1489,IN,IND_1176,UTTARAKHAND,Udham Singh Nagar
1490,IN,IND_1199,WEST BENGAL,South Twenty Four Pargan*
1491,IN,IND_1183,WEST BENGAL,Darjiling
1492,IN,IND_1186,WEST BENGAL,Jalpaiguri
1493,IN,IND_1182,WEST BENGAL,Dakshin Dinajpur
1494,IN,IND_1190,WEST BENGAL,Maldah
1495,IN,IND_1191,WEST BENGAL,Murshidabad
1496,IN,IND_1180,WEST BENGAL,Birbhum
1497,IN,IND_1192,WEST BENGAL,Nadia
1498,IN,IND_1196,WEST BENGAL,Purba Barddhaman
1499,IN,IND_1198,WEST BENGAL,Puruliya
1500,IN,IND_1179,WEST BENGAL,Bankura
1501,IN,IND_1193,WEST BENGAL,North Twenty Four Pargan*
1502,IN,IND_1184,WEST BENGAL,Hooghly
1503,IN,IND_1195,WEST BENGAL,Paschim Medinipur
1504,IN,IND_1185,WEST BENGAL,Howrah
1505,IN,IND_1189,WEST BENGAL,Kolkata
1506,IN,IND_1197,WEST BENGAL,Purba Medinipur
1507,IN,IND_1178,WEST BENGAL,Alipurduar
1508,IN,IND_1194,WEST BENGAL,Paschim Barddhaman
1509,IN,IND_1188,WEST BENGAL,Kalimpong
1510,IN,IND_1187,WEST BENGAL,Jhargram
1511,IN,IND_1181,WEST BENGAL,Cooch Behar
1512,IN,IND_1200,WEST BENGAL,Uttar Dinajpur
1513,IN,IND_714,JAMMU & KASHMIR,NA
0,MV,MDV_1434,MALE ECONOMIC,Male'
0,MV,MDV_1435,NORTH,North Miladhunmadulu
0,MV,MDV_1436,NORTH,North Thiladhunmathe
0,MV,MDV_1437,NORTH,South Thiladhunmathe
0,MV,MDV_1438,NORTH CENTRAL,Faadhippolhu
0,MV,MDV_1439,NORTH CENTRAL,North Maalhosmadulu
0,MV,MDV_1440,NORTH CENTRAL,South Maalhosmadulu
0,MV,MDV_1441,NORTH CENTRAL,South Miladhunmadulu
0,MV,MDV_1442,SOUTH,Addoo
0,MV,MDV_1443,SOUTH,Foammulah
0,MV,MDV_1444,SOUTH,North Huvadhoo
0,MV,MDV_1445,SOUTH,South Huvadhoo
0,MV,MDV_1446,SOUTH CENTRAL,Felidhoo
0,MV,MDV_1447,SOUTH CENTRAL,Hadhdhunmathee
0,MV,MDV_1448,SOUTH CENTRAL,Kolhumadulu
0,MV,MDV_1449,SOUTH CENTRAL,Male'
0,MV,MDV_1450,SOUTH CENTRAL,Mulaku
0,MV,MDV_1451,SOUTH CENTRAL,North Ari
0,MV,MDV_1452,SOUTH CENTRAL,North Nilandhoo
0,MV,MDV_1453,SOUTH CENTRAL,South Ari
0,MV,MDV_1454,SOUTH CENTRAL,South Nilandhoo
1104,IN,IND_792,LAKSHADWEEP,Lakshadweep
